rebalance_date,next_date,train_cutoff,n_train,long_ret,short_ret,long_only_ret,long_short_ret,long_only_ret_net,long_short_ret_net,turnover,n_long,n_short,long_stocks,short_stocks,benchmark_ret,excess_ret
2023/1/5,2023/2/6,2022/12/7,57605,0.031028353,0.055854334,0.031028353,-0.024825982,0.027028353,-0.028825982,1,10,10,"sh.601988,sh.600018,sh.601857,sh.601825,sz.002600,sh.600741,sh.601138,sh.601398,sz.000157,sh.601328","sh.600905,sz.000617,sz.002837,sz.003816,sz.300394,sh.601318,sz.300442,sh.600845,sz.300059,sh.605117",0.059797005,-0.032768653
2023/2/6,2023/3/6,2022/12/30,60482,0.051102544,0.175011268,0.051102544,-0.123908724,0.048302544,-0.126708724,0.7,10,10,"sh.601328,sh.601077,sh.601988,sh.601229,sh.601018,sz.003816,sh.601169,sh.600016,sh.601857,sz.300476","sz.000768,sz.002466,sh.600760,sh.601012,sh.600570,sz.000625,sh.600438,sh.688047,sz.300832,sz.302132",0.046391503,0.001911042
2023/3/6,2023/4/6,2023/2/6,63863,0.009008612,0.305123439,0.009008612,-0.296114828,0.007408612,-0.297714828,0.4,10,10,"sh.601077,sh.601328,sh.601169,sh.601229,sh.601988,sh.600015,sh.601006,sh.600000,sh.600016,sh.600104","sh.600118,sh.605117,sz.300502,sh.600570,sz.300418,sz.300394,sh.688041,sz.300896,sh.603019,sz.302132",0.051567708,-0.044159096
2023/4/6,2023/5/5,2023/3/8,67659,0.07188886,0.01620562,0.07188886,0.05568324,0.06868886,0.05248324,0.8,10,10,"sh.600018,sh.601825,sh.601939,sh.600741,sz.000166,sh.601818,sh.601229,sh.601018,sh.600016,sh.601916","sz.002463,sz.002230,sz.300059,sh.688041,sz.300418,sz.300502,sz.300308,sh.601186,sz.301236,sz.302132",-0.004860806,0.073549667
2023/5/5,2023/6/5,2023/4/3,70805,-0.046063918,0.078970228,-0.046063918,-0.125034146,-0.048063918,-0.127034146,0.5,10,10,"sh.601018,sh.601229,sh.601169,sh.601825,sh.601328,sh.601916,sh.600000,sh.601939,sh.601006,sh.600015","sz.000938,sh.688521,sh.600415,sh.600519,sh.688111,sh.600221,sh.688036,sz.300033,sh.688256,sz.300394",-0.015781851,-0.032282067
2023/6/5,2023/7/5,2023/5/8,74480,-5.10E-05,-0.02081486,-5.10E-05,0.020763878,-0.003250982,0.017563878,0.8,10,10,"sz.002001,sh.600219,sh.601825,sz.000657,sh.600362,sz.001965,sz.000630,sh.600515,sh.601018,sh.601669","sz.002594,sh.601186,sh.600016,sh.600000,sh.600519,sz.002311,sh.601360,sh.688256,sz.000858,sh.600415",0.022356361,-0.025607343
2023/7/5,2023/8/7,2023/6/5,77988,0.039807624,0.104895933,0.039807624,-0.065088309,0.036207624,-0.068688309,0.9,10,10,"sh.600104,sh.600362,sh.601868,sh.688047,sh.601088,sh.600926,sz.000776,sh.600018,sz.000157,sz.300251","sh.600000,sh.601166,sz.002371,sh.601136,sh.601169,sz.000063,sz.300059,sh.600015,sh.601077,sz.302132",0.034149642,0.002057982
2023/8/7,2023/9/5,2023/7/10,82019,-0.020195886,-0.108645067,-0.020195886,0.088449181,-0.024195886,0.084449181,1,10,10,"sh.600233,sh.601229,sz.002202,sh.601398,sh.600016,sh.600919,sh.601988,sh.601006,sh.600219,sh.601288","sz.300502,sz.302132,sh.603019,sz.002230,sz.300124,sh.601138,sh.600221,sh.600150,sz.300418,sz.300308",-0.036168816,0.01197293
2023/9/5,2023/10/9,2023/8/8,85734,-0.002374754,0.003846278,-0.002374754,-0.006221033,-0.005174754,-0.009021033,0.7,10,10,"sh.601006,sh.600674,sh.601669,sh.601288,sh.601800,sh.600028,sh.601727,sh.600018,sh.601988,sh.688009","sz.000063,sh.600221,sh.600000,sz.300866,sz.300059,sh.600415,sh.600030,sz.300502,sz.002594,sh.688506",-0.022223543,0.017048788
2023/10/9,2023/11/6,2023/9/1,88916,-0.011548275,-0.037250742,-0.011548275,0.025702466,-0.014748275,0.022502466,0.8,10,10,"sh.601229,sh.600015,sh.601825,sh.601328,sh.601288,sh.600025,sh.600104,sh.601818,sh.601169,sh.600018","sz.002594,sz.002230,sz.000063,sh.603288,sz.300059,sh.603019,sz.000977,sh.601127,sz.300394,sh.600436",-0.02581439,0.011066115
2023/11/6,2023/12/5,2023/10/9,92444,-0.023158503,-0.091618174,-0.023158503,0.068459671,-0.026358503,0.065259671,0.8,10,10,"sh.601800,sh.601117,sh.600918,sh.688303,sh.600104,sh.601998,sh.688009,sh.601916,sh.600482,sh.600025","sh.688981,sh.605117,sh.600809,sh.603501,sz.000988,sh.601127,sz.000568,sh.600221,sz.000858,sz.002594",-0.018296327,-0.008062176
2023/12/5,2024/1/5,2023/11/7,96149,0.017359384,-0.044462352,0.017359384,0.061821737,0.014159384,0.058621737,0.8,10,10,"sh.601006,sh.600999,sh.601018,sh.601916,sh.600015,sh.601825,sh.601169,sh.600025,sh.601988,sz.000895","sz.002027,sh.688041,sz.000988,sh.600570,sz.300059,sh.601127,sh.688271,sh.600887,sz.000625,sh.600905",-0.006660458,0.020819842
2024/1/5,2024/2/5,2023/12/7,100039,0.041541169,-0.082568136,0.041541169,0.124109305,0.038741169,0.121309305,0.7,10,10,"sh.601229,sh.601006,sh.601825,sh.600900,sh.601988,sh.601288,sh.600919,sh.601939,sh.601398,sh.601328","sz.002027,sz.002493,sz.002371,sz.300059,sh.600406,sz.000596,sh.600845,sz.000858,sz.301236,sh.601166",-0.062299053,0.101040222
2024/2/5,2024/3/5,2024/1/8,103758,0.071574863,0.145743364,0.071574863,-0.074168501,0.069974863,-0.075768501,0.4,10,10,"sh.601169,sh.600900,sh.601229,sh.601939,sh.601398,sh.601988,sh.601818,sh.601328,sz.301165,sh.601009","sz.002027,sh.600048,sh.600406,sh.603288,sh.601127,sh.600845,sz.300059,sh.601800,sh.601186,sz.000002",0.165891423,-0.09591656
2024/3/5,2024/4/8,2024/1/29,106413,0.005411907,-0.010187855,0.005411907,0.015599762,0.003011907,0.013199762,0.6,10,10,"sh.600019,sh.601169,sh.601916,sh.600016,sh.601818,sh.601607,sh.601328,sh.601229,sh.600104,sz.000708","sh.601888,sz.300059,sz.002594,sz.301236,sz.000002,sh.601800,sh.600660,sz.300394,sh.601186,sh.601127",0.007397796,-0.004385889
2024/4/8,2024/5/6,2024/3/7,110327,0.024501937,0.032153603,0.024501937,-0.007651667,0.022501937,-0.009651667,0.5,10,10,"sh.601229,sh.600015,sh.600016,sh.601816,sh.600018,sh.601018,sh.601916,sh.600000,sh.601328,sh.600019","sh.603993,sh.601127,sh.600160,sh.688271,sz.300308,sz.000063,sh.600150,sh.601899,sh.600048,sz.000002",0.024056492,-0.001554555
2024/5/6,2024/6/5,2024/4/1,113353,0.022147526,0.085403206,0.022147526,-0.063255679,0.020547526,-0.064855679,0.4,10,10,"sh.601328,sh.600015,sh.601988,sh.601229,sh.600018,sz.301165,sh.601009,sh.600019,sh.601916,sh.601939","sh.601800,sh.688183,sh.603993,sh.600048,sh.600150,sh.600066,sh.600221,sh.601138,sz.300502,sh.601186",-0.002603209,0.023150735
2024/6/5,2024/7/5,2024/5/8,117270,0.052287395,0.007191412,0.052287395,0.045095983,0.050687395,0.043495983,0.4,10,10,"sh.600015,sh.601988,sh.601658,sh.601288,sh.601728,sh.601398,sh.600018,sh.601328,sh.600019,sh.601916","sh.600436,sh.601127,sz.300502,sh.603986,sz.300308,sh.600519,sz.002463,sz.300394,sh.600221,sz.002028",-0.035013475,0.08570087
2024/7/5,2024/8/5,2024/6/6,121008,0.01147503,-0.112686143,0.01147503,0.124161173,0.00907503,0.121761173,0.6,10,10,"sh.601166,sh.600015,sh.601988,sh.601169,sz.002466,sh.601816,sh.601658,sh.601728,sh.688303,sz.000001","sh.603993,sh.603288,sz.000596,sh.600160,sh.600436,sz.300502,sh.601899,sh.600519,sh.600938,sh.601919",0.003211216,0.005863815
2024/8/5,2024/9/5,2024/7/8,124746,-0.059684303,-0.033895979,-0.059684303,-0.025788324,-0.062884303,-0.028988324,0.8,10,10,"sh.601006,sh.601319,sh.601328,sh.601916,sz.000001,sh.601816,sh.601018,sh.601668,sh.601229,sh.601669","sh.601888,sh.600221,sh.601127,sh.688256,sz.300059,sh.603259,sh.605499,sh.600845,sh.600519,sz.000002",-0.029134886,-0.033749417
2024/9/5,2024/10/8,2024/8/8,128840,0.194848205,0.303731559,0.194848205,-0.108883353,0.191648205,-0.112083353,0.8,10,10,"sh.601816,sh.600000,sh.688303,sh.600999,sz.000301,sh.601238,sh.601229,sh.601728,sh.601009,sz.000651","sh.601136,sz.002594,sz.300628,sz.002475,sh.600436,sh.603288,sz.000002,sh.605499,sh.600048,sz.300502",0.247447453,-0.055799248
2024/10/8,2024/11/5,2024/8/30,131690,0.045294779,-0.056448185,0.045294779,0.101742964,0.041694779,0.098142964,0.9,10,10,"sh.688303,sh.601727,sh.688521,sh.600918,sh.600018,sh.600415,sh.600039,sz.300059,sh.600549,sh.600028","sz.002594,sh.688041,sh.601800,sh.688506,sz.002475,sh.600048,sz.300628,sh.600016,sh.600015,sh.605499",-0.057079309,0.098774088
2024/11/5,2024/12/5,2024/10/8,135250,0.012480704,-0.045142671,0.012480704,0.057623375,0.008880704,0.054023375,0.9,10,10,"sz.300122,sz.000301,sz.300896,sz.300450,sh.688303,sz.301236,sz.301308,sh.688111,sh.600346,sz.300124","sz.300033,sh.601012,sh.600438,sh.688041,sh.601800,sz.000157,sz.000100,sz.300408,sh.600048,sz.000002",-0.016211764,0.025092467
2024/12/5,2025/1/6,2024/11/7,139166,-0.02156381,-0.038652325,-0.02156381,0.017088515,-0.02556381,0.013088515,1,10,10,"sh.601628,sz.000617,sh.601077,sz.002142,sh.600028,sh.601009,sz.300433,sh.601229,sh.601939,sh.601018","sz.002241,sz.000625,sh.605499,sh.688041,sh.688256,sz.300014,sz.300803,sz.002625,sh.600104,sz.300033",-0.048522975,0.022959165
2025/1/6,2025/2/5,2024/12/6,142904,0.013994751,-0.001095504,0.013994751,0.015090254,0.011194751,0.012290254,0.7,10,10,"sh.600016,sh.600028,sh.601186,sz.000001,sh.601009,sh.600926,sh.601077,sh.601668,sh.601166,sh.601988","sz.002463,sz.002371,sz.000100,sh.688041,sh.600436,sh.603259,sh.688981,sz.002625,sh.688256,sh.605499",0.028006579,-0.016811829
2025/2/5,2025/3/5,2024/12/30,145751,0.014975213,-0.017346646,0.014975213,0.032321859,0.012575213,0.029921859,0.6,10,10,"sz.000001,sh.601169,sh.600016,sh.688303,sh.601166,sh.600926,sz.300394,sh.600919,sh.601229,sh.600036","sz.002241,sz.002050,sh.603288,sh.600436,sz.300866,sh.601127,sh.601689,sh.603893,sh.688981,sh.600519",0.049708813,-0.0371336
2025/3/5,2025/4/7,2025/2/5,149292,0.029049965,-0.065657062,0.029049965,0.094707027,0.026249965,0.091907027,0.7,10,10,"sh.601916,sh.601658,sh.600015,sh.601988,sh.601018,sh.601825,sh.600000,sh.601169,sz.000001,sh.601166","sz.002625,sz.300033,sh.601727,sz.300803,sh.600519,sz.302132,sz.300866,sh.603019,sh.603501,sh.601127",-0.01631235,0.042562315
2025/4/7,2025/5/6,2025/3/7,153193,0.094056658,0.064414979,0.094056658,0.029641679,0.090056658,0.025641679,1,10,10,"sz.300308,sz.300433,sh.688223,sz.300394,sh.601398,sh.688183,sz.300502,sh.688303,sz.300418,sz.002532","sh.601857,sh.600938,sh.601628,sz.000630,sz.000725,sh.600436,sh.600519,sh.600196,sh.600104,sh.601919",0.05544564,0.034611018
2025/5/6,2025/6/5,2025/4/2,156381,0.098031283,-0.012798532,0.098031283,0.110829815,0.095631283,0.108429815,0.6,10,10,"sz.300394,sh.600515,sz.002353,sz.300502,sh.688303,sz.300308,sh.601238,sh.600016,sh.601229,sh.600900","sz.300124,sz.000100,sz.300251,sz.002594,sz.000002,sh.600104,sh.603986,sz.302132,sz.000725,sz.300033",0.014505577,0.081125706
2025/6/5,2025/7/7,2025/5/7,160109,0.051364964,0.060107624,0.051364964,-0.008742659,0.047364964,-0.012742659,1,10,10,"sh.601988,sh.600905,sh.601288,sh.601398,sh.601868,sh.601328,sh.601728,sh.601939,sh.601818,sh.601857","sz.002594,sz.302132,sz.300059,sh.601136,sh.688256,sz.300476,sz.300033,sh.688521,sz.300251,sh.600221",0.04124448,0.006120485
2025/7/7,2025/8/5,2025/6/9,164009,0.000324998,0.085704562,0.000324998,-0.085379564,-0.002875002,-0.088579564,0.8,10,10,"sh.600905,sh.601868,sh.601877,sh.688009,sh.601919,sh.600000,sh.600018,sh.601169,sh.600036,sh.601658","sz.002594,sz.002074,sz.002558,sz.300033,sz.000408,sz.300251,sh.603288,sh.688521,sz.300476,sh.600221",0.048959749,-0.051834751
2025/8/5,2025/9/5,2025/7/8,167744,-0.054948107,0.132752864,-0.054948107,-0.187700971,-0.058148107,-0.190900971,0.8,10,10,"sh.601169,sh.601818,sh.601398,sh.601166,sh.600036,sh.600919,sh.601668,sh.601838,sz.000001,sh.601328","sh.601360,sh.600309,sz.301236,sh.601138,sz.300033,sh.601186,sh.600221,sh.688041,sh.603259,sz.300476",0.074728482,-0.132876588
2025/9/5,2025/10/9,2025/8/8,171838,0.021938574,-0.002681081,0.021938574,0.024619654,0.018338574,0.021019654,0.9,10,10,"sh.600000,sh.688256,sh.600016,sh.688041,sh.601916,sh.601077,sh.601825,sh.601838,sh.603893,sh.600028","sz.002074,sh.600436,sh.600276,sh.600941,sh.600887,sz.300308,sh.601985,sh.600519,sh.600905,sz.000002",0.051692422,-0.033353848
2025/10/9,2025/11/5,2025/9/3,175042,-0.047113085,-0.056158359,-0.047113085,0.009045274,-0.049913085,0.006245274,0.7,10,10,"sh.601916,sz.001965,sh.688521,sh.600918,sh.601868,sh.688041,sh.601117,sh.688256,sh.600482,sh.601800","sh.601816,sh.603259,sh.601169,sh.600436,sz.002558,sh.600900,sh.600887,sz.000002,sz.002074,sh.600941",-0.015065742,-0.034847343
2025/11/5,2025/12/5,2025/9/30,178424,-0.005521248,0.007695478,-0.005521248,-0.013216726,-0.008321248,-0.016016726,0.7,10,10,"sz.001965,sh.601006,sz.000895,sh.601998,sh.688981,sh.600918,sz.000338,sh.600018,sh.601088,sh.601916","sh.600085,sh.600900,sz.002384,sh.603993,sz.000002,sh.601169,sz.000333,sh.600887,sh.601818,sh.600941",-0.022046544,0.013725296
2025/12/5,2026/1/5,2025/11/7,182341,-0.023729521,0.013732232,-0.023729521,-0.037461753,-0.027329521,-0.041061753,0.9,10,10,"sz.000002,sh.601398,sh.688472,sh.601166,sh.600585,sh.601607,sh.600036,sh.688009,sh.600018,sh.600690","sz.300803,sz.002475,sz.002558,sz.002028,sh.601600,sh.603288,sh.600519,sz.002602,sh.600941,sh.603993",0.02292218,-0.050251701
2026/1/5,2026/2/5,2025/12/4,185735,-0.011331901,0.081862395,-0.011331901,-0.093194295,-0.014931901,-0.096794295,0.9,10,10,"sh.601607,sh.601186,sh.600741,sh.601800,sh.600016,sz.000895,sh.600015,sh.601669,sh.600104,sh.600028","sh.600941,sh.600900,sh.603993,sh.601899,sh.600549,sh.688041,sz.001391,sz.000858,sh.600519,sh.600048",0.02523754,-0.040169441
2026/2/5,2026/3/5,2026/1/8,189834,-0.021158767,-0.020190721,-0.021158767,-0.000968046,-0.024758767,-0.004568046,0.9,10,10,"sh.688256,sh.600000,sh.688303,sz.300122,sh.601018,sh.601238,sz.001965,sh.600741,sh.601059,sh.600039","sh.601818,sh.601186,sh.601390,sh.601668,sh.600048,sh.600900,sh.601318,sh.601169,sh.600905,sz.000651",0.003024956,-0.027783723
2026/3/5,2026/4/7,2026/1/28,192346,-0.076790405,-0.056460126,-0.076790405,-0.020330279,-0.079590405,-0.023130279,0.7,10,10,"sh.688256,sz.300251,sh.688303,sh.601456,sh.600000,sh.600025,sz.002558,sh.688082,sh.600104,sh.603369","sz.000538,sz.000651,sh.601668,sz.002202,sh.600905,sz.001391,sh.600016,sh.601985,sh.600048,sh.601390",-0.061409881,-0.018180525
2026/4/7,2026/5/6,2026/3/9,196276,0.082077584,0.058070415,0.082077584,0.024007169,0.078077584,0.020007169,1,10,10,"sz.002202,sh.688047,sh.601998,sz.300274,sz.300896,sh.601825,sh.600918,sh.600958,sz.300413,sz.300750","sh.600900,sz.300059,sh.601012,sz.300251,sh.600522,sh.600436,sz.002709,sh.601669,sh.601390,sz.300316",0.066587276,0.011490307
2026/5/6,2026/6/5,2026/4/2,199515,-0.016330266,-0.038496243,-0.016330266,0.022165977,-0.019130266,0.019365977,0.7,10,10,"sh.601916,sh.688256,sz.001965,sh.601998,sh.601838,sz.000625,sz.300750,sh.600018,sz.002384,sh.600918","sz.000538,sz.301269,sz.002027,sh.600089,sh.600048,sh.600436,sh.603288,sh.600030,sh.601186,sh.600522",-0.031778299,0.012648033
2026/6/5,2026/7/1,2026/5/8,203455,0.007587332,0.128425278,0.007587332,-0.120837947,0.004787332,-0.123637947,0.7,10,10,"sh.688041,sz.300476,sh.601238,sh.601607,sh.601916,sh.601012,sz.000596,sh.688256,sh.600233,sz.300750","sz.000063,sh.600760,sh.603288,sz.002371,sh.600000,sh.600600,sh.600089,sz.300059,sh.600030,sh.600176",0.003332845,0.001454487
